SupplierKey,Distance /mi,Est_Emission_Int,Units
1039040101,63.81190575,0.447949012,Kg CO2/mi
1036290101,74.06785225,0.134134371,Kg CO2/mi
1098896101,8.772786873,0.460089181,Kg CO2/mi
1039040125,47.9252534,0.83725776,Kg CO2/mi
1049637115,54.64631697,0.586646791,Kg CO2/mi
1099576101,68.15121547,0.207456532,Kg CO2/mi
1028407101,26.81726165,0.605785679,Kg CO2/mi
1049688101,27.66810989,0.694963902,Kg CO2/mi
1039040118,13.52198643,0.607257759,Kg CO2/mi
