BrandKey,Est_Emission_Int,Units
3521,10.15067142,Kg CO2
2435,1.578350692,Kg CO2
2968,4.008361006,Kg CO2
1713,8.255984099,Kg CO2